<component xmlns="http://maven.apache.org/plugins/maven-assembly-plugin/component/1.1.2" xmlns:xsi="http://www.w3.org/2001/XMLSchema-instance"
           xsi:schemaLocation="http://maven.apache.org/plugins/maven-assembly-plugin/component/1.1.2 http://maven.apache.org/xsd/component-1.1.2.xsd">
  <files>
    <file>
      <source>conf/log4j2-dist.xml</source>
      <outputDirectory>conf</outputDirectory>
      <destName>log4j2.xml</destName>
    </file>
    <file>
      <source>conf/context.xml</source>
      <outputDirectory>conf</outputDirectory>
      <destName>context.xml</destName>
    </file>
  </files>
</component>
