<?xml version="1.0" encoding="UTF-8" ?>
<Configuration>

  <Appenders>

    <!-- hippo-cms.log -->
    <RollingFile name="cms" fileName="${sys:catalina.base}/logs/hippo-cms.log"
                 filePattern="${sys:catalina.base}/logs/hippo-cms.log.%i">
      <LookupFilter key="jndi:logging/contextName" value="cms" onMatch="ACCEPT"/>
      <PatternLayout pattern="%d{dd.MM.yyyy HH:mm:ss} [%t] %-5p [%C.%M():%L] %m%n"/>
      <Policies>
        <SizeBasedTriggeringPolicy size="10MB"/>
      </Policies>
      <DefaultRolloverStrategy max="1" fileIndex="min"/>
    </RollingFile>

    <!-- hippo-site.log -->
    <RollingFile name="site" fileName="${sys:catalina.base}/logs/hippo-site.log"
                 filePattern="${sys:catalina.base}/logs/hippo-site.log.yyyy-MM-dd">
      <LookupFilter key="jndi:logging/contextName" value="site" onMatch="ACCEPT"/>
      <PatternLayout pattern="%d{dd.MM.yyyy HH:mm:ss} [%t] %-5p [%C.%M():%L] %m%n"/>
      <Policies>
        <SizeBasedTriggeringPolicy size="10MB"/>
      </Policies>
      <DefaultRolloverStrategy max="4" fileIndex="min"/>
    </RollingFile>

    <!-- hippo-audit.log -->
    <RollingFile name="audit" fileName="${sys:catalina.base}/logs/hippo-audit.log"
                 filePattern="${sys:catalina.base}/logs/hippo-audit.log.%d{yyyy-MM-dd}">
      <PatternLayout pattern="%d{dd.MM.yyyy HH:mm:ss} [%t] %-5p [%C.%M():%L] %m%n"/>
      <Policies>
        <TimeBasedTriggeringPolicy/>
      </Policies>
    </RollingFile>

  </Appenders>

  <Loggers>

    <!-- CMS logging -->
    <Logger name="org.apache" level="error"/>
    <Logger name="org.hippoecm" level="error"/>
    <Logger name="com.onehippo" level="error"/>
    <Logger name="org.onehippo" level="error"/>

    <!-- audit logging -->
    <Logger additivity="false" name="org.hippoecm.repository.api.Workflow" level="info">
      <AppenderRef ref="audit"/>
    </Logger>
    <Logger additivity="false" name="org.onehippo.audit" level="info">
      <AppenderRef ref="audit"/>
    </Logger>

    <!-- Site logging -->
    <Logger name="org.hippoecm.hst" level="warn"/>

    <!-- DiagnosticReportingValve only logs when diagnostics enabled in hst:hosts config in repo hence
         can be here on level 'info' -->
    <Logger name="org.hippoecm.hst.core.container.DiagnosticReportingValve" level="info"/>

    <Logger name="freemarker" level="error"/>
    <Logger name="org.apache.cxf" level="error"/>
    <Logger name="javax.ws.rs.core" level="error"/>
    <Logger name="org.apache.commons.pool" level="error"/>
    <Logger name="org.apache.commons.beanutils" level="error"/>

    <!-- too many caching warnings -->
    <Logger name="org.apache.jackrabbit.core.state" level="error"/>
    <Logger name="org.apache.jackrabbit.core.ItemManager" level="error"/>
    <Logger name="org.apache.jackrabbit.core.persistence.bundle.util.LRUNodeIdCache" level="error"/>

    <!-- ignore wicket localizer warnings -->
    <Logger name="org.apache.wicket.Localizer" level="error"/>

    <!-- more info wanted -->
    <Logger name="org.apache.jackrabbit.core.persistence.bundle" level="info"/>
    <Logger name="org.hippoecm.repository.updater" level="info"/>
    <Logger name="org.apache.jackrabbit.core.query.lucene.MultiIndex" level="info"/>
    <Logger name="org.apache.jackrabbit.core.query.lucene.SearchIndex" level="info"/>
    <Logger name="org.apache.jackrabbit.core.query.lucene.ConsistencyCheck" level="info"/>

    <!-- project logging -->
    <Logger name="org.example" level="info"/>

    <Root level="warn">
      <AppenderRef ref="site"/>
      <AppenderRef ref="cms"/>
    </Root>

  </Loggers>

</Configuration>