<?xml version="1.0" encoding="UTF-8" standalone="yes"?>
<project>
  <projectNamespace>myhippoproject</projectNamespace>
  <confirmParams>false</confirmParams>
  <selectedProjectPackage>org.example</selectedProjectPackage>
  <selectedBeansPackage>org.example.beans</selectedBeansPackage>
  <selectedComponentsPackage>org.example.components</selectedComponentsPackage>
  <selectedRestPackage>org.example.rest</selectedRestPackage>
  <setupDone>false</setupDone>
  <templateLanguage>freemarker</templateLanguage>
  <useSamples>true</useSamples>
  <extraTemplates>true</extraTemplates>
</project>
